{
	"class_name" : "PinholeCameraParameters",
	"extrinsic" : 
	[
		0.98919604050037702,
		0.010427009839637458,
		-0.14622746296158096,
		0.0,
		-0.0068517826435357185,
		-0.99308885574667272,
		-0.11716474583410474,
		0.0,
		-0.14643854182892621,
		0.1169008214580579,
		-0.98228812036461544,
		0.0,
		-0.72272262371700435,
		-0.40553039772382959,
		188.32112184077394,
		1.0
	],
	"intrinsic" : 
	{
		"height" : 1043,
		"intrinsic_matrix" : 
		[
			903.26449614716955,
			0.0,
			0.0,
			0.0,
			903.26449614716955,
			0.0,
			959.5,
			521.0,
			1.0
		],
		"width" : 1920
	},
	"version_major" : 1,
	"version_minor" : 0
}